Lambda,Type,Sequence
0.0,Linear,DSECLKEYGGDVGFGFCAPRIYPSFCVQRCRADKGALSGKCIWGQGSNVKCLCNFCRHEP
0.11111111,Linear,MSECLKEYGGDVGFGFCAPRIYPSFCVQRCRADKGALSGKCIWGQGSNVKCLCNFCRHEP
0.22222222,Linear,MSECLKEYGGDVGFGFCAPRIYPSFCVQRCRADKGALSGKCIWGQGSNVKCLCNFCRHEP
0.33333334,Linear,MSECLKEYGGDVGFGFCAPRIYPSFCVQRCRADKGALSGKCISGQGSNVKCLCNFCRHEP
0.44444445,Linear,MSECLKENGADKGFGSCAGRILRSFCVQRCRKDKGALSGKCISGAGSNVKCLCNFCRHEP
0.5555556,Linear,MIWSSIKNLASKAWNSCIGRSLRNKCAGACRKFVGAKSGKCISQAGSNTKCECVDCRYED
0.6666666,Linear,GIWSSIKNLASKAWNSDIGQSLRNKAAGAINKFVADKIGVTPSQAASMTLDEIVDAMYYD
0.7777778,Linear,GIWSSIKNLASKAWNSDIGQSLRNKAAGAINKFVADKIGVTPSQAASMTLDEIVDAMYYD
0.8888889,Linear,GIWSSIKNLASKAWNSDIGQSLRNKAAGAINKFVADKIGVTPSQAASMTLDEIVDAMYYD
1.0,Linear,GIWSSIKNLASKAWNSDIGQSLRNKAAGAINKFVADKIGVTPSQAASMTLDEIVDAMYYD
0.0,Sinusoidal,GIWSSIKNLASKAWNSDIGQSLRNKAAGAINKFVADKIGVTPSQAASMTLDEIVDAMYYD
0.11111111,Sinusoidal,GIWSSIKNLASKAWNSDIGQSLRNKAAGAINKFVADKIGVTPSQAASMTLDEIVDAMYYD
0.22222222,Sinusoidal,GIWSSIKNLASKAWNSDIGQSLRNKAAGAINKFVADKIGVTPSQAASMTLDEIVDAMYYD
0.33333334,Sinusoidal,MIWSSIKNLASKAWNSDIGQSLRNKAAGAINKFVADKIGVTPSQAASMTLDEIVDAMYED
0.44444445,Sinusoidal,MIWSSIKNLASKAWNSCIGRSLRNKCAGACRKFVGAKSGKCISGAGSNTKCLCVDCRYED
0.5555556,Sinusoidal,MSECLKENGADKAFGSCAGRSLRSFCVQRCRKDKGALSGKCISGQGSNVKCLCNFCRHEP
0.6666666,Sinusoidal,MSECLKEYGGDVGFGFCAGRIYRSFCVQRCRADKGALSGKCISGQGSNVKCLCNFCRHEP
0.7777778,Sinusoidal,MSECLKEYGGDVGFGFCAPRIYPSFCVQRCRADKGALSGKCIWGQGSNVKCLCNFCRHEP
0.8888889,Sinusoidal,MSECLKEYGGDVGFGFCAPRIYPSFCVQRCRADKGALSGKCIWGQGSNVKCLCNFCRHEP
1.0,Sinusoidal,DSECLKEYGGDVGFGFCAPRIYPSFCVQRCRADKGALSGKCIWGQGSNVKCLCNFCRHEP
0.0,Arccos,MSWSSIKNLASKAFGSCAGRSLRSKCAQACRKDKGAKSGKCISGAGSNVKCLCVDCRHED
0.11111111,Arccos,MSECSKENGASKAFGSCAGRSLRSFCVQRCRKDKGAKSGKCISGAGSNVKCLCNFCRHED
0.22222222,Arccos,MSECLKENGADKGFGSCAGRILRSFCVQRCRKDKGALSGKCISGQGSNVKCLCNFCRHEP
0.33333334,Arccos,MSECLKEYGGDKGFGFCAGRILRSFCVQRCRADKGALSGKCISGQGSNVKCLCNFCRHEP
0.44444445,Arccos,MSECLKEYGGDVGFGFCAGRILPSFCVQRCRADKGALSGKCISGQGSNVKCLCNFCRHEP
0.5555556,Arccos,MSECLKEYGGDVGFGFCAPRIYPSFCVQRCRADKGALSGKCIWGQGSNVKCLCNFCRHEP
0.6666666,Arccos,MSECLKEYGGDVGFGFCAPRIYPSFCVQRCRADKGALSGKCIWGQGSNVKCLCNFCRHEP
0.7777778,Arccos,MSECLKEYGGDVGFGFCAPRIYPSFCVQRCRADKGALSGKCIWGQGSNVKCLCNFCRHEP
0.8888889,Arccos,MSECLKEYGGDVGFGFCAPRIYPSFCVQRCRADKGALSGKCIWGQGSNVKCLCNFCRHEP
1.0,Arccos,DSECLKEYGGDVGFGFCAPRIYPSFCVQRCRADKGALSGKCIWGQGSNVKCLCNFCRHEP
